{
  "kupiec": {
    "n": 1765,
    "x": 29,
    "pi_hat": 0.01643059490084986,
    "lr_uc": 6.174367347835755,
    "p_value": 0.0129614250596084
  },
  "independence": {
    "N00": 1709,
    "N01": 26,
    "N10": 26,
    "N11": 3,
    "lr_ind": 6.4536077804888805,
    "p_value": 0.011072727192977139
  },
  "conditional_coverage": {
    "lr_cc": 12.627975128324636,
    "p_value": 0.0018107981497982317,
    "lr_uc": 6.174367347835755,
    "uc_p_value": 0.0129614250596084,
    "lr_ind": 6.4536077804888805,
    "ind_p_value": 0.011072727192977139,
    "n": 1765,
    "x": 29,
    "pi_hat": 0.01643059490084986
  }
}