{
  "kupiec": {
    "n": 2015,
    "x": 34,
    "pi_hat": 0.01687344913151365,
    "lr_uc": 7.971006237763675,
    "p_value": 0.00475325089129186
  },
  "independence": {
    "N00": 1947,
    "N01": 33,
    "N10": 33,
    "N11": 1,
    "lr_ind": 0.2692772373904404,
    "p_value": 0.6038170200432281
  },
  "conditional_coverage": {
    "lr_cc": 8.240283475154115,
    "p_value": 0.01624221214699706,
    "lr_uc": 7.971006237763675,
    "uc_p_value": 0.00475325089129186,
    "lr_ind": 0.2692772373904404,
    "ind_p_value": 0.6038170200432281,
    "n": 2015,
    "x": 34,
    "pi_hat": 0.01687344913151365
  }
}