regime,n,x,pi_hat,expected
high,400,13,0.0325,0.010000000000000009
low,400,3,0.0075,0.010000000000000009
mid,1196,18,0.015050167224080268,0.010000000000000009
